{
  "timestamp": "20260304_211115",
  "args": {
    "families": "current,current_dob,hybrid_modern,baseline_mpc,paper_split_baseline,baseline_robust_hinf_like",
    "episodes": 1,
    "steps": 1500,
    "seed": 42,
    "mode": "smooth",
    "preset": "default",
    "stability_profile": "default",
    "control_hz": 250.0,
    "control_delay_steps": 1,
    "legacy_model": false,
    "disturbance_xy": 1.5,
    "disturbance_z": 0.4,
    "disturbance_interval": 300,
    "trajectory_profile": "line_sine",
    "trajectory_amp_m": 0.22,
    "trajectory_step_m": 0.18,
    "trajectory_period_s": 6.0,
    "trajectory_warmup_s": 1.0,
    "yaw_modes": "off,bearing_pd",
    "yaw_heading_kp": 2.2,
    "yaw_heading_kd": 0.8,
    "yaw_lateral_pos_k": 0.7,
    "yaw_max_force": 0.9,
    "yaw_min_speed_m_s": 0.03,
    "outdir": "results_traj_compare"
  },
  "episode_seeds": [
    191664963
  ],
  "ranking": [
    {
      "controller_family": "baseline_mpc",
      "yaw_mode": "bearing_pd",
      "episodes": 1,
      "survival_rate": 1.0,
      "crash_rate": 0.0,
      "tracking_rmse_mean_m": 0.037370277439538295,
      "tracking_mae_mean_m": 0.01891211386816909,
      "tracking_p95_mean_m": 0.09461126108768349,
      "tracking_peak_max_m": 0.1099940285955839,
      "tracking_x_mae_mean_m": 0.018820599691369833,
      "tracking_y_mae_mean_m": 0.0004536453711502309,
      "heading_err_mae_mean_deg": 0.0,
      "heading_err_max_max_deg": 0.0,
      "control_energy_mean": 0.0028776569230260177,
      "worst_pitch_deg": 3.5390123961329945,
      "worst_roll_deg": 1.2815686911048505,
      "worst_base_x_m": 0.00013802299727996883,
      "worst_base_y_m": 0.0012468294381600723,
      "trajectory_score": 77.41250340160055
    },
    {
      "controller_family": "baseline_mpc",
      "yaw_mode": "off",
      "episodes": 1,
      "survival_rate": 1.0,
      "crash_rate": 0.0,
      "tracking_rmse_mean_m": 0.03737026865612941,
      "tracking_mae_mean_m": 0.018910094188871556,
      "tracking_p95_mean_m": 0.09461701118978577,
      "tracking_peak_max_m": 0.10999069506489893,
      "tracking_x_mae_mean_m": 0.018819595793477074,
      "tracking_y_mae_mean_m": 0.00045486832782168135,
      "heading_err_mae_mean_deg": NaN,
      "heading_err_max_max_deg": NaN,
      "control_energy_mean": 0.00238269898999403,
      "worst_pitch_deg": 3.5390123961374194,
      "worst_roll_deg": 1.2815687069720663,
      "worst_base_x_m": 0.00012871080186137142,
      "worst_base_y_m": 0.0012589077016542654,
      "trajectory_score": 77.41223874479682
    },
    {
      "controller_family": "hybrid_modern",
      "yaw_mode": "off",
      "episodes": 1,
      "survival_rate": 1.0,
      "crash_rate": 0.0,
      "tracking_rmse_mean_m": 0.07037566413382783,
      "tracking_mae_mean_m": 0.057986564905610834,
      "tracking_p95_mean_m": 0.14123409993691882,
      "tracking_peak_max_m": 0.1596131844636431,
      "tracking_x_mae_mean_m": 0.020088685376707525,
      "tracking_y_mae_mean_m": 0.051658169370050466,
      "heading_err_mae_mean_deg": NaN,
      "heading_err_max_max_deg": NaN,
      "control_energy_mean": 1810.028532683382,
      "worst_pitch_deg": 2.510688096852929,
      "worst_roll_deg": 1.2868110745158865,
      "worst_base_x_m": 0.006264766445476377,
      "worst_base_y_m": 0.11453317082049107,
      "trajectory_score": 26.8318168137598
    },
    {
      "controller_family": "baseline_robust_hinf_like",
      "yaw_mode": "off",
      "episodes": 1,
      "survival_rate": 1.0,
      "crash_rate": 0.0,
      "tracking_rmse_mean_m": 0.08334876454734295,
      "tracking_mae_mean_m": 0.06784804762517355,
      "tracking_p95_mean_m": 0.16806210364004928,
      "tracking_peak_max_m": 0.18656459020689556,
      "tracking_x_mae_mean_m": 0.020036467513017756,
      "tracking_y_mae_mean_m": 0.06270343129824896,
      "heading_err_mae_mean_deg": NaN,
      "heading_err_max_max_deg": NaN,
      "control_energy_mean": 1773.8976312013788,
      "worst_pitch_deg": 2.510688096852929,
      "worst_roll_deg": 1.2868630435290407,
      "worst_base_x_m": 0.005512498164889181,
      "worst_base_y_m": 0.14926484331841836,
      "trajectory_score": 20.812323132026933
    },
    {
      "controller_family": "current",
      "yaw_mode": "off",
      "episodes": 1,
      "survival_rate": 1.0,
      "crash_rate": 0.0,
      "tracking_rmse_mean_m": 0.08341467078240039,
      "tracking_mae_mean_m": 0.06759150004726447,
      "tracking_p95_mean_m": 0.1685094904141572,
      "tracking_peak_max_m": 0.1890513553329282,
      "tracking_x_mae_mean_m": 0.020522442770379346,
      "tracking_y_mae_mean_m": 0.06243843687586384,
      "heading_err_mae_mean_deg": NaN,
      "heading_err_max_max_deg": NaN,
      "control_energy_mean": 1897.2246788902519,
      "worst_pitch_deg": 2.510688096852929,
      "worst_roll_deg": 1.2872069003472193,
      "worst_base_x_m": 0.007984941974408256,
      "worst_base_y_m": 0.15253103860896175,
      "trajectory_score": 18.157401657975242
    },
    {
      "controller_family": "current_dob",
      "yaw_mode": "off",
      "episodes": 1,
      "survival_rate": 1.0,
      "crash_rate": 0.0,
      "tracking_rmse_mean_m": 0.085272705394317,
      "tracking_mae_mean_m": 0.06872107552672564,
      "tracking_p95_mean_m": 0.17433788266533445,
      "tracking_peak_max_m": 0.19255268920952237,
      "tracking_x_mae_mean_m": 0.02027307603870674,
      "tracking_y_mae_mean_m": 0.06375717754191236,
      "heading_err_mae_mean_deg": NaN,
      "heading_err_max_max_deg": NaN,
      "control_energy_mean": 1873.4596466094795,
      "worst_pitch_deg": 2.510688096852929,
      "worst_roll_deg": 1.286893044519468,
      "worst_base_x_m": 0.00743268323268796,
      "worst_base_y_m": 0.15636603314984845,
      "trajectory_score": 17.527929253423842
    },
    {
      "controller_family": "hybrid_modern",
      "yaw_mode": "bearing_pd",
      "episodes": 1,
      "survival_rate": 1.0,
      "crash_rate": 0.0,
      "tracking_rmse_mean_m": 0.06952544024089427,
      "tracking_mae_mean_m": 0.06015910091284936,
      "tracking_p95_mean_m": 0.12549317593183137,
      "tracking_peak_max_m": 0.13984455879125424,
      "tracking_x_mae_mean_m": 0.01990839590483849,
      "tracking_y_mae_mean_m": 0.05301420683500338,
      "heading_err_mae_mean_deg": 104.25238674528842,
      "heading_err_max_max_deg": 179.66444143177785,
      "control_energy_mean": 1810.269608663205,
      "worst_pitch_deg": 2.510688096852929,
      "worst_roll_deg": 1.286812173840198,
      "worst_base_x_m": 0.0060083734619709814,
      "worst_base_y_m": 0.08483990299093713,
      "trajectory_score": -54.02431203537495
    },
    {
      "controller_family": "baseline_robust_hinf_like",
      "yaw_mode": "bearing_pd",
      "episodes": 1,
      "survival_rate": 1.0,
      "crash_rate": 0.0,
      "tracking_rmse_mean_m": 0.08118162569079783,
      "tracking_mae_mean_m": 0.06997509126801157,
      "tracking_p95_mean_m": 0.1440798031451951,
      "tracking_peak_max_m": 0.15545351661516948,
      "tracking_x_mae_mean_m": 0.019792974182009548,
      "tracking_y_mae_mean_m": 0.064039224626006,
      "heading_err_mae_mean_deg": 102.6547655747573,
      "heading_err_max_max_deg": 179.72837665974419,
      "control_energy_mean": 1773.8945526206267,
      "worst_pitch_deg": 2.510688096852929,
      "worst_roll_deg": 1.2868659893531265,
      "worst_base_x_m": 0.0059469399279825155,
      "worst_base_y_m": 0.10787249699511416,
      "trajectory_score": -57.16162134345979
    },
    {
      "controller_family": "current_dob",
      "yaw_mode": "bearing_pd",
      "episodes": 1,
      "survival_rate": 1.0,
      "crash_rate": 0.0,
      "tracking_rmse_mean_m": 0.08089788283480723,
      "tracking_mae_mean_m": 0.0693439226969337,
      "tracking_p95_mean_m": 0.14483486654266695,
      "tracking_peak_max_m": 0.15726206451306082,
      "tracking_x_mae_mean_m": 0.019995038698442005,
      "tracking_y_mae_mean_m": 0.06342288364313409,