{
  "timestamp": "20260304_212403",
  "args": {
    "families": "current",
    "episodes": 1,
    "steps": 200,
    "seed": 42,
    "mode": "smooth",
    "preset": "default",
    "stability_profile": "default",
    "control_hz": 250.0,
    "control_delay_steps": 1,
    "legacy_model": false,
    "disturbance_xy": 1.5,
    "disturbance_z": 0.4,
    "disturbance_interval": 300,
    "trajectory_profile": "line_sine",
    "trajectory_amp_m": 0.22,
    "trajectory_step_m": 0.18,
    "trajectory_period_s": 6.0,
    "trajectory_warmup_s": 1.0,
    "yaw_modes": "off,bearing_pd",
    "yaw_heading_kp": 2.2,
    "yaw_heading_kd": 0.8,
    "yaw_lateral_pos_k": 0.7,
    "yaw_max_force": 0.9,
    "yaw_min_speed_m_s": 0.03,
    "outdir": "results_smoke"
  },
  "episode_seeds": [
    191664963
  ],
  "ranking": [
    {
      "controller_family": "current",
      "yaw_mode": "off",
      "episodes": 1,
      "survival_rate": 1.0,
      "crash_rate": 0.0,
      "tracking_rmse_mean_m": 0.01171856914908501,
      "tracking_mae_mean_m": 0.010114229834947095,
      "tracking_p95_mean_m": 0.017172273337624146,
      "tracking_peak_max_m": 0.01739935740943732,
      "tracking_x_mae_mean_m": 0.0021708622107192515,
      "tracking_y_mae_mean_m": 0.00978967237440267,
      "heading_err_mae_mean_deg": NaN,
      "heading_err_max_max_deg": NaN,
      "control_energy_mean": 2075.5035507375437,
      "worst_pitch_deg": 2.510688096852929,
      "worst_roll_deg": 0.9994751388075154,
      "worst_base_x_m": 0.004420406489737686,
      "worst_base_y_m": 0.01737626621322489,
      "trajectory_score": 53.34672586493974
    },
    {
      "controller_family": "current",
      "yaw_mode": "bearing_pd",
      "episodes": 1,
      "survival_rate": 1.0,
      "crash_rate": 0.0,
      "tracking_rmse_mean_m": 0.014853518010239717,
      "tracking_mae_mean_m": 0.012334320021290906,
      "tracking_p95_mean_m": 0.023505301838405632,
      "tracking_peak_max_m": 0.023731802038664526,
      "tracking_x_mae_mean_m": 0.0019056509432099885,
      "tracking_y_mae_mean_m": 0.012001732587337046,
      "heading_err_mae_mean_deg": 131.03523323738995,
      "heading_err_max_max_deg": 178.3660216691338,
      "control_energy_mean": 2076.1098488273697,
      "worst_pitch_deg": 2.510688096852929,
      "worst_roll_deg": 0.9994750851644282,
      "worst_base_x_m": 0.0038568252201738222,
      "worst_base_y_m": 0.023725407034886622,
      "trajectory_score": -53.10090114811588
    }
  ],
  "winner": {
    "controller_family": "current",
    "yaw_mode": "off",
    "episodes": 1,
    "survival_rate": 1.0,
    "crash_rate": 0.0,
    "tracking_rmse_mean_m": 0.01171856914908501,
    "tracking_mae_mean_m": 0.010114229834947095,
    "tracking_p95_mean_m": 0.017172273337624146,
    "tracking_peak_max_m": 0.01739935740943732,
    "tracking_x_mae_mean_m": 0.0021708622107192515,
    "tracking_y_mae_mean_m": 0.00978967237440267,
    "heading_err_mae_mean_deg": NaN,
    "heading_err_max_max_deg": NaN,
    "control_energy_mean": 2075.5035507375437,
    "worst_pitch_deg": 2.510688096852929,
    "worst_roll_deg": 0.9994751388075154,
    "worst_base_x_m": 0.004420406489737686,
    "worst_base_y_m": 0.01737626621322489,
    "trajectory_score": 53.34672586493974
  }
}