{
  "timestamp": "20260304_211001",
  "args": {
    "families": "current,baseline_mpc",
    "episodes": 1,
    "steps": 500,
    "seed": 42,
    "mode": "smooth",
    "preset": "default",
    "stability_profile": "default",
    "control_hz": 250.0,
    "control_delay_steps": 1,
    "legacy_model": false,
    "disturbance_xy": 0.0,
    "disturbance_z": 0.0,
    "disturbance_interval": 300,
    "trajectory_profile": "line_sine",
    "trajectory_amp_m": 0.22,
    "trajectory_step_m": 0.18,
    "trajectory_period_s": 6.0,
    "trajectory_warmup_s": 1.0,
    "yaw_modes": "off,bearing_pd",
    "yaw_heading_kp": 2.2,
    "yaw_heading_kd": 0.8,
    "yaw_lateral_pos_k": 0.7,
    "yaw_max_force": 0.9,
    "yaw_min_speed_m_s": 0.03,
    "outdir": "results_smoke"
  },
  "episode_seeds": [
    191664963
  ],
  "ranking": [
    {
      "controller_family": "baseline_mpc",
      "yaw_mode": "off",
      "episodes": 1,
      "survival_rate": 1.0,
      "crash_rate": 0.0,
      "tracking_rmse_mean_m": 0.00020491419039484916,
      "tracking_mae_mean_m": 0.0001887596503687429,
      "tracking_p95_mean_m": 0.00030004721112222166,
      "tracking_peak_max_m": 0.00031424073495376346,
      "tracking_x_mae_mean_m": 6.468794915424287e-05,
      "tracking_y_mae_mean_m": 0.000172473419842649,
      "heading_err_mae_mean_deg": NaN,
      "heading_err_max_max_deg": NaN,
      "control_energy_mean": 0.0019800858866713318,
      "worst_pitch_deg": 2.811154850907516,
      "worst_roll_deg": 1.057032966442182,
      "worst_base_x_m": 0.00012275813426069096,
      "worst_base_y_m": 0.00030441055380253554,
      "trajectory_score": 99.90949397527528
    },
    {
      "controller_family": "baseline_mpc",
      "yaw_mode": "bearing_pd",
      "episodes": 1,
      "survival_rate": 1.0,
      "crash_rate": 0.0,
      "tracking_rmse_mean_m": 0.00020900284807445947,
      "tracking_mae_mean_m": 0.0001926331889652608,
      "tracking_p95_mean_m": 0.0003059747259587227,
      "tracking_peak_max_m": 0.00032164065936377586,
      "tracking_x_mae_mean_m": 6.569898382879836e-05,
      "tracking_y_mae_mean_m": 0.00017659174546574163,
      "heading_err_mae_mean_deg": 0.0,
      "heading_err_max_max_deg": 0.0,
      "control_energy_mean": 0.0021975239528820383,
      "worst_pitch_deg": 2.811154850892641,
      "worst_roll_deg": 1.057032968112085,
      "worst_base_x_m": 0.00012406304974560913,
      "worst_base_y_m": 0.00030910037546582833,
      "trajectory_score": 99.90762715164136
    },
    {
      "controller_family": "current",
      "yaw_mode": "off",
      "episodes": 1,
      "survival_rate": 1.0,
      "crash_rate": 0.0,
      "tracking_rmse_mean_m": 0.021788193378536536,
      "tracking_mae_mean_m": 0.019592702430301402,
      "tracking_p95_mean_m": 0.03412717222760895,
      "tracking_peak_max_m": 0.036231258228300006,
      "tracking_x_mae_mean_m": 0.0018870646476429813,
      "tracking_y_mae_mean_m": 0.019416930745677352,
      "heading_err_mae_mean_deg": NaN,
      "heading_err_max_max_deg": NaN,
      "control_energy_mean": 2096.778188227121,
      "worst_pitch_deg": 2.510688096852929,
      "worst_roll_deg": 1.060339143633594,
      "worst_base_x_m": 0.004420406489737686,
      "worst_base_y_m": 0.036199133929791884,
      "trajectory_score": 48.11237684384359
    },
    {
      "controller_family": "current",
      "yaw_mode": "bearing_pd",
      "episodes": 1,
      "survival_rate": 1.0,
      "crash_rate": 0.0,
      "tracking_rmse_mean_m": 0.027951419856907442,
      "tracking_mae_mean_m": 0.024992055972000368,
      "tracking_p95_mean_m": 0.04279594765791795,
      "tracking_peak_max_m": 0.04510730849435032,
      "tracking_x_mae_mean_m": 0.001499110324981677,
      "tracking_y_mae_mean_m": 0.024842057162103207,
      "heading_err_mae_mean_deg": 124.08894595822733,
      "heading_err_max_max_deg": 178.3660216691338,
      "control_energy_mean": 2096.75036633439,
      "worst_pitch_deg": 2.510688096852929,
      "worst_roll_deg": 1.060338609796814,
      "worst_base_x_m": 0.0038568252201738023,
      "worst_base_y_m": 0.04509782745985007,
      "trajectory_score": -53.81908263875015
    }
  ],
  "winner": {
    "controller_family": "baseline_mpc",
    "yaw_mode": "off",
    "episodes": 1,
    "survival_rate": 1.0,
    "crash_rate": 0.0,
    "tracking_rmse_mean_m": 0.00020491419039484916,
    "tracking_mae_mean_m": 0.0001887596503687429,
    "tracking_p95_mean_m": 0.00030004721112222166,
    "tracking_peak_max_m": 0.00031424073495376346,
    "tracking_x_mae_mean_m": 6.468794915424287e-05,
    "tracking_y_mae_mean_m": 0.000172473419842649,
    "heading_err_mae_mean_deg": NaN,
    "heading_err_max_max_deg": NaN,
    "control_energy_mean": 0.0019800858866713318,
    "worst_pitch_deg": 2.811154850907516,
    "worst_roll_deg": 1.057032966442182,
    "worst_base_x_m": 0.00012275813426069096,
    "worst_base_y_m": 0.00030441055380253554,
    "trajectory_score": 99.90949397527528
  }
}