{
  "timestamp": "20260304_211048",
  "args": {
    "families": "current",
    "episodes": 1,
    "steps": 300,
    "seed": 42,
    "mode": "smooth",
    "preset": "default",
    "stability_profile": "default",
    "control_hz": 250.0,
    "control_delay_steps": 1,
    "legacy_model": false,
    "disturbance_xy": 0.0,
    "disturbance_z": 0.0,
    "disturbance_interval": 300,
    "trajectory_profile": "line_sine",
    "trajectory_amp_m": 0.22,
    "trajectory_step_m": 0.18,
    "trajectory_period_s": 6.0,
    "trajectory_warmup_s": 1.0,
    "yaw_modes": "off,bearing_pd",
    "yaw_heading_kp": 2.2,
    "yaw_heading_kd": 0.8,
    "yaw_lateral_pos_k": 0.7,
    "yaw_max_force": 0.9,
    "yaw_min_speed_m_s": 0.03,
    "outdir": "results_smoke"
  },
  "episode_seeds": [
    191664963
  ],
  "ranking": [
    {
      "controller_family": "current",
      "yaw_mode": "off",
      "episodes": 1,
      "survival_rate": 1.0,
      "crash_rate": 0.0,
      "tracking_rmse_mean_m": 0.01495824877209698,
      "tracking_mae_mean_m": 0.013353515961149644,
      "tracking_p95_mean_m": 0.022130257203012794,
      "tracking_peak_max_m": 0.02351145593193409,
      "tracking_x_mae_mean_m": 0.0020993238574130877,
      "tracking_y_mae_mean_m": 0.013100441603734156,
      "heading_err_mae_mean_deg": NaN,
      "heading_err_max_max_deg": NaN,
      "control_energy_mean": 2121.506370367774,
      "worst_pitch_deg": 2.510688096852929,
      "worst_roll_deg": 1.019436387919699,
      "worst_base_x_m": 0.004420406489737686,
      "worst_base_y_m": 0.023368074081346838,
      "trajectory_score": 50.916342234843846
    },
    {
      "controller_family": "current",
      "yaw_mode": "bearing_pd",
      "episodes": 1,
      "survival_rate": 1.0,
      "crash_rate": 0.0,
      "tracking_rmse_mean_m": 0.019519274360844337,
      "tracking_mae_mean_m": 0.017024796260845642,
      "tracking_p95_mean_m": 0.029152400799310682,
      "tracking_peak_max_m": 0.03062561383577073,
      "tracking_x_mae_mean_m": 0.0015782650209058536,
      "tracking_y_mae_mean_m": 0.016796928531391652,
      "heading_err_mae_mean_deg": 126.03480152631559,
      "heading_err_max_max_deg": 178.3660216691338,
      "control_energy_mean": 2121.6177732616534,
      "worst_pitch_deg": 2.510688096852929,
      "worst_roll_deg": 1.0194359879253188,
      "worst_base_x_m": 0.0038568252201738222,
      "worst_base_y_m": 0.030570278456931405,
      "trajectory_score": -51.961423357800435
    }
  ],
  "winner": {
    "controller_family": "current",
    "yaw_mode": "off",
    "episodes": 1,
    "survival_rate": 1.0,
    "crash_rate": 0.0,
    "tracking_rmse_mean_m": 0.01495824877209698,
    "tracking_mae_mean_m": 0.013353515961149644,
    "tracking_p95_mean_m": 0.022130257203012794,
    "tracking_peak_max_m": 0.02351145593193409,
    "tracking_x_mae_mean_m": 0.0020993238574130877,
    "tracking_y_mae_mean_m": 0.013100441603734156,
    "heading_err_mae_mean_deg": NaN,
    "heading_err_max_max_deg": NaN,
    "control_energy_mean": 2121.506370367774,
    "worst_pitch_deg": 2.510688096852929,
    "worst_roll_deg": 1.019436387919699,
    "worst_base_x_m": 0.004420406489737686,
    "worst_base_y_m": 0.023368074081346838,
    "trajectory_score": 50.916342234843846
  }
}